{
  "timestamp": "2025-10-25 23:58:09",
  "data_file": "stock_data_20251025_222449.csv",
  "data_shape": [
    50,
    10
  ],
  "features": [
    "open",
    "close",
    "high",
    "low",
    "volume"
  ],
  "sequence_length": 3,
  "train_samples": 23,
  "test_samples": 24,
  "train_mse": 0.3328326831545141,
  "test_mse": 2.984533256898112,
  "predictions": [
    -3.3777534860845435,
    0.7324166713621025,
    0.4041155616691583,
    0.009661111300836467,
    0.06368631487372056,
    -0.048149159349755166,
    2.1120859709930357,
    -0.6169385834966477,
    -1.0546917465531749,
    0.08750091043567565,
    -0.33499571258707306,
    -2.444520479808503,
    2.7281868409815786,
    -1.2820420969138553,
    -0.24039329223894867,
    1.1066153030984367,
    -2.714111627140852,
    -4.0339480247476445,
    -1.3709136933790802,
    -0.9761291636918692,
    -0.7524185692594898,
    1.0798529526975216,
    -1.9775782024269262,
    1.007674332958942
  ],
  "actual_values": [
    -0.8260137438774109,
    -0.3403008282184601,
    -0.40566587448120117,
    -0.42376700043678284,
    0.19468730688095093,
    0.48028260469436646,
    1.5231071710586548,
    -0.2779525816440582,
    -0.79483962059021,
    -0.9939517974853516,
    -0.1482280194759369,
    -0.7214295864105225,
    -0.6691375374794006,
    -0.3403008282184601,
    1.5663487911224365,
    3.780716896057129,
    -0.09794717282056808,
    0.4229622781276703,
    -0.8501485586166382,
    -0.9879180192947388,
    -0.17437398433685303,
    -0.9778619408607483,
    -0.7737216949462891,
    -0.503210723400116
  ]
}